index,id,x,y,w,h,r
0,-1,579.3636169433594,531.7272644042969,100,100,0
1,-1,530.6363525390625,485.3636169433594,100,100,89.4356533453076
2,-1,576.9090881347656,445.7272644042969,100,100,182.288819039066
3,-1,660.9090881347656,472.9090881347656,100,100,48.1514593623709
